{"deviceId": ["NodeMCU"], "Humedad": [57, 57, 57, 57, 57, null], "Temperatura": [23, 23, 23, 23, 23, null], "Co2_ppm": [-1, -1, -1, -1, -1, -1], "tiempo": [1701805969.544063, 1701805969.544063, 1701805969.948826, 1701805969.544063, 1701805969.948826, 1701806007.267142]}